"","site","height","signal1","signal2"
"1","site1",-0.942477796076938,-0.642940858110079,-0.942087735571193
"2","site1",-0.91731455394867,-0.356750751371994,-0.715514376395878
"3","site1",-0.892151311820403,-0.49840396962464,-0.467694576293515
"4","site1",-0.866988069692135,-0.387263263895165,-1.15396140343892
"5","site1",-0.841824827563867,-0.840755292329946,-0.757080893209622
"6","site1",-0.816661585435599,-0.682984076962981,-0.712181028044916
"7","site1",-0.791498343307331,-0.878954517551713,-0.78077310038321
"8","site1",-0.766335101179064,-0.601205304495648,-0.269530873209585
"9","site1",-0.741171859050796,-0.713734353208189,-0.525127360211208
"10","site1",-0.716008616922528,-0.810866365885776,-0.878427791225552
"11","site1",-0.69084537479426,-0.479509946769712,-0.891533091391818
"12","site1",-0.665682132665993,-0.74069176775271,-0.578685219881233
"13","site1",-0.640518890537725,-0.602476985144586,-0.554982401889938
"14","site1",-0.615355648409457,-0.660196363949206,-0.607531295745486
"15","site1",-0.590192406281189,-0.986188940717541,-0.867299344145054
"16","site1",-0.565029164152921,-0.967770966657023,-0.633513482261237
"17","site1",-0.539865922024654,-0.848461547405959,-0.751657892228979
"18","site1",-0.514702679896386,-1.09651627986179,-0.361275154631989
"19","site1",-0.489539437768118,-0.76720576115345,-0.89720792854086
"20","site1",-0.464376195639851,-1.15025100613775,-0.714666310867256
"21","site1",-0.439212953511583,-0.579997156431969,-0.921173017570984
"22","site1",-0.414049711383315,-1.01563837324155,-0.907578288107669
"23","site1",-0.388886469255047,-0.589672396274912,-0.705275433177605
"24","site1",-0.363723227126779,-1.01708272033329,-0.747748611725764
"25","site1",-0.338559984998512,-1.13769128141074,-0.795808171538384
"26","site1",-0.313396742870244,-0.946215298670974,-0.3810552867152
"27","site1",-0.288233500741976,-0.9532524471854,-0.668465847565381
"28","site1",-0.263070258613708,-1.30163266524673,-0.417192356327691
"29","site1",-0.237907016485441,-0.761083182050485,-0.872144757828936
"30","site1",-0.212743774357173,-1.2013750879769,-0.719991803118331
"31","site1",-0.187580532228905,-0.915334856448659,-0.946621404547543
"32","site1",-0.162417290100637,-0.887880127677397,-0.372623359276106
"33","site1",-0.13725404797237,-0.962984899450352,-0.852041338499882
"34","site1",-0.112090805844102,-1.01748280564336,-0.355887711101595
"35","site1",-0.0869275637158342,-0.95668732539826,-0.84394349251554
"36","site1",-0.0617643215875663,-1.21183173283572,-0.65957086395058
"37","site1",-0.0366010794592986,-1.15997289873718,-1.21066708337465
"38","site1",-0.0114378373310309,-1.22268761591562,-0.679979318351585
"39","site1",0.0137254047972371,-0.683887471369531,-0.622624551798877
"40","site1",0.0388886469255048,-0.699680179654854,-1.00435834199223
"41","site1",0.0640518890537725,-0.94542028724636,-0.673070901647224
"42","site1",0.0892151311820402,-1.24260320902676,-0.679802993562529
"43","site1",0.114378373310308,-0.994210628738446,-0.973360572985274
"44","site1",0.139541615438576,-0.687945400027313,-0.420692419445585
"45","site1",0.164704857566843,-1.08160644710119,-0.837948561400204
"46","site1",0.189868099695111,-0.822445849614508,-0.634137757123888
"47","site1",0.215031341823379,-1.17177021925211,-0.472458630223049
"48","site1",0.240194583951647,-0.833417163794017,-0.685366489067543
"49","site1",0.265357826079915,-1.15616654178699,-0.426372120511169
"50","site1",0.290521068208182,-1.20443615650131,-0.544417966437027
"51","site1",0.31568431033645,-1.1419625219623,-0.267526817279731
"52","site1",0.340847552464718,-1.11642825388097,-0.692685410454962
"53","site1",0.366010794592986,-1.11589861810819,-0.78724737209337
"54","site1",0.391174036721253,-0.776206806317681,-0.478328876474234
"55","site1",0.416337278849521,-0.766321063979177,-0.584020351786621
"56","site1",0.441500520977789,-0.890409207149189,-0.599074828125233
"57","site1",0.466663763106057,-0.957824410458672,-0.435657693352759
"58","site1",0.491827005234324,-1.09877215993587,-0.432970572037854
"59","site1",0.516990247362592,-1.07249652248095,-0.52116358113949
"60","site1",0.54215348949086,-1.01015754389234,-0.392932919884403
"61","site1",0.567316731619128,-1.06728993245189,-0.363966366873119
"62","site1",0.592479973747395,-0.919193211850894,-0.34310472899687
"63","site1",0.617643215875663,-0.720898294631256,-0.311637628299295
"64","site1",0.642806458003931,-1.03651473400107,-0.240981245534981
"65","site1",0.667969700132199,-0.491029437863484,-0.522034794861002
"66","site1",0.693132942260466,-1.03153211733298,-0.577719679892853
"67","site1",0.718296184388734,-0.772233091806751,-0.730116076732192
"68","site1",0.743459426517002,-0.262187513454945,-0.527157259319089
"69","site1",0.76862266864527,-0.540743501958486,-0.659965628329767
"70","site1",0.793785910773537,-0.751587576103986,-0.387314277403071
"71","site1",0.818949152901805,-0.85614190390713,-0.504301615501218
"72","site1",0.844112395030073,-0.547877723841089,-0.570985979584043
"73","site1",0.869275637158341,-0.647885898900784,-0.649894827771529
"74","site1",0.894438879286608,-0.700927461792806,-0.43728370511486
"75","site1",0.919602121414876,-0.542559514510622,-0.563844002353084
"76","site1",0.944765363543144,-0.683694161988818,-0.691155197504332
"77","site1",0.969928605671412,-0.0336268164815682,-0.716342249897559
"78","site1",0.99509184779968,-0.208370208096779,-0.209039345273591
"79","site1",1.02025508992795,-0.367231768236975,-0.559715917988497
"80","site1",1.04541833205622,-0.358891952733971,-0.571669565816854
"81","site1",1.07058157418448,-0.588190378115923,-0.472551936285959
"82","site1",1.09574481631275,-0.280228579688874,-0.524207273329755
"83","site1",1.12090805844102,-0.504583859861553,-0.492925292667147
"84","site1",1.14607130056929,-0.613681170033568,-0.461618359396605
"85","site1",1.17123454269755,-0.0123781728795401,-0.514672507457419
"86","site1",1.19639778482582,-0.551507017428125,-0.60782591775863
"87","site1",1.22156102695409,-0.401018659526246,-0.241065087062775
"88","site1",1.24672426908236,-0.441419337484991,-0.400736129547625
"89","site1",1.27188751121062,-0.483892740992215,-0.662700615542891
"90","site1",1.29705075333889,-0.150544401944969,-0.207683727331737
"91","site1",1.32221399546716,-0.550753090789437,-0.711842747285181
"92","site1",1.34737723759543,-0.262802821862507,-0.439107145098866
"93","site1",1.3725404797237,-0.311818726346987,-0.411326932523485
"94","site1",1.39770372185196,-0.450262766810465,-0.536459266357838
"95","site1",1.42286696398023,-0.161473903915565,-0.286211710162842
"96","site1",1.4480302061085,-0.208633880228799,-0.639792714361861
"97","site1",1.47319344823677,-0.215893060873244,-0.0298204384080902
"98","site1",1.49835669036503,0.123846933440771,-0.255165321454783
"99","site1",1.5235199324933,0.0592230859741552,0.0163579375426373
"100","site1",1.54868317462157,-0.040202574875016,-0.189742500338261
"101","site1",1.57384641674984,0.0343481835649722,-0.651109453095331
"102","site1",1.59900965887811,-0.11925274886743,-0.178987400068529
"103","site1",1.62417290100637,0.0130829911487076,-0.213725105160404
"104","site1",1.64933614313464,0.298894414742584,-0.0931908704389927
"105","site1",1.67449938526291,0.100167631106391,-0.0784230091032768
"106","site1",1.69966262739118,0.160867653136581,-0.196724082639654
"107","site1",1.72482586951944,0.558373481782317,-0.157036005196847
"108","site1",1.74998911164771,0.0374964908735429,-0.394413988086942
"109","site1",1.77515235377598,0.39509510567078,0.043550368477925
"110","site1",1.80031559590425,0.585606436404463,-0.621053999552519
"111","site1",1.82547883803252,0.0391051410376479,-0.639347157159501
"112","site1",1.85064208016078,0.279734714995536,-0.516533923491514
"113","site1",1.87580532228905,0.222320029660628,-0.0712233769995632
"114","site1",1.90096856441732,0.226039417198215,-0.469675954248757
"115","site1",1.92613180654559,0.138761376722772,-0.319916944351966
"116","site1",1.95129504867385,0.192141315845324,-0.221512554240916
"117","site1",1.97645829080212,0.648504519424846,-0.329803367360539
"118","site1",2.00162153293039,0.536388934239927,-0.644942449214233
"119","site1",2.02678477505866,0.595476847307772,0.0105558170788748
"120","site1",2.05194801718693,0.774274487865211,-0.233294081425036
"121","site1",2.07711125931519,0.411877457729938,-0.106811999800306
"122","site1",2.10227450144346,0.67011945773311,-0.206881871267073
"123","site1",2.12743774357173,0.516210674935976,-0.308877267977684
"124","site1",2.1526009857,0.44925690978321,-0.177357851600381
"125","site1",2.17776422782826,0.755592121705215,-0.0296737580388727
"126","site1",2.20292746995653,0.598252979226118,-0.489037409326704
"127","site1",2.2280907120848,0.3977371611623,-0.4141364226666
"128","site1",2.25325395421307,0.583010836539415,0.0826432475812611
"129","site1",2.27841719634134,0.949072374884274,-0.353763246464099
"130","site1",2.3035804384696,0.903373405930423,-0.164489746838089
"131","site1",2.32874368059787,0.39589072091467,-0.448170833908145
"132","site1",2.35390692272614,0.724498623395586,-0.0199412058606648
"133","site1",2.37907016485441,0.892628902671956,-0.0336651974573095
"134","site1",2.40423340698267,0.415373703915594,-0.201534898122241
"135","site1",2.42939664911094,1.03864129005222,0.168376014332622
"136","site1",2.45455989123921,0.664779301682638,-0.239555044103344
"137","site1",2.47972313336748,0.844577562080093,-0.190742451184397
"138","site1",2.50488637549575,0.765263850295371,0.0929463773884849
"139","site1",2.53004961762401,1.13399472357107,-0.0305755642533988
"140","site1",2.55521285975228,0.537839844148531,0.0531056491014189
"141","site1",2.58037610188055,0.817686627265816,0.18099667343185
"142","site1",2.60553934400882,0.644729093541582,-0.0584380029349939
"143","site1",2.63070258613708,0.953618197710669,0.0277063732922721
"144","site1",2.65586582826535,1.33018830374859,-0.225368996276569
"145","site1",2.68102907039362,0.592902751890855,0.000779237493787749
"146","site1",2.70619231252189,0.894359777337949,-0.148920157642254
"147","site1",2.73135555465015,0.887572129182313,0.173156721992336
"148","site1",2.75651879677842,1.23508930631052,-0.0865370153613351
"149","site1",2.78168203890669,0.739557174322311,-0.0659618897428818
"150","site1",2.80684528103496,1.04380897014311,-0.0676655285121415
"151","site1",2.83200852316323,1.29184992827983,-0.468831354701976
"152","site1",2.85717176529149,0.907677051583707,-0.255448170177421
"153","site1",2.88233500741976,0.825394839432228,0.340920081977153
"154","site1",2.90749824954803,0.940489102954493,0.0944868737954177
"155","site1",2.9326614916763,1.07851753144846,-0.0338512364393515
"156","site1",2.95782473380456,0.780454207299306,-0.0684573018829133
"157","site1",2.98298797593283,1.31039906962215,-0.0641724457698784
"158","site1",3.0081512180611,0.992238292256572,0.0610760952248529
"159","site1",3.03331446018937,0.413163829447371,0.134484219729869
"160","site1",3.05847770231764,0.775114976593377,-0.212864114659938
"161","site1",3.0836409444459,1.30783465612697,-0.039907488195322
"162","site1",3.10880418657417,0.804096436302842,-0.257807483996464
"163","site1",3.13396742870244,0.979670238587227,-0.0873317801744931
"164","site1",3.15913067083071,1.25243706989369,0.101755253245444
"165","site1",3.18429391295897,0.933841767607036,-0.289377948580378
"166","site1",3.20945715508724,1.2636579409781,0.203902565739823
"167","site1",3.23462039721551,1.2501619034481,0.235709395181398
"168","site1",3.25978363934378,1.0759518592166,-0.00205175304159351
"169","site1",3.28494688147205,0.681752358925689,0.0537249742271939
"170","site1",3.31011012360031,0.800121094675356,0.268405774491704
"171","site1",3.33527336572858,0.922358360188147,-0.116721288595504
"172","site1",3.36043660785685,0.974995646034501,-0.187400178162484
"173","site1",3.38559984998512,1.451308335386,-0.230431411215821
"174","site1",3.41076309211338,1.11671052707286,-0.19503668616572
"175","site1",3.43592633424165,0.797193805695013,-0.142282719652977
"176","site1",3.46108957636992,0.719862147379853,0.0743824952366519
"177","site1",3.48625281849819,0.883298014624041,-0.18870288346093
"178","site1",3.51141606062646,0.87254816622961,-0.0548734616134818
"179","site1",3.53657930275472,0.840699535232506,0.030893698825037
"180","site1",3.56174254488299,0.963472499944773,-0.25773064030421
"181","site1",3.58690578701126,0.724091604940932,0.283820463761344
"182","site1",3.61206902913953,0.978489102958041,0.261565552343239
"183","site1",3.63723227126779,0.632157006826833,-0.360995154763205
"184","site1",3.66239551339606,0.82256639788253,-0.0968139053028249
"185","site1",3.68755875552433,0.930105176266889,-0.0746423560131781
"186","site1",3.7127219976526,0.867958280316669,0.0338171804422683
"187","site1",3.73788523978087,0.98826120328779,-0.234596720564475
"188","site1",3.76304848190913,0.801610352161793,-0.0752393473921889
"189","site1",3.7882117240374,0.898846931814533,0.156625527928709
"190","site1",3.81337496616567,0.999867502803267,0.1982342608863
"191","site1",3.83853820829394,0.628615576122864,0.0458568949623405
"192","site1",3.8637014504222,0.493493679440996,0.0673701897351983
"193","site1",3.88886469255047,0.742890862456446,-0.129446399837936
"194","site1",3.91402793467874,0.669071946199442,-0.0886413364133149
"195","site1",3.93919117680701,0.589849761702119,0.232350352152619
"196","site1",3.96435441893528,0.593537291380581,0.0130102020774685
"197","site1",3.98951766106354,0.531646295823633,-0.136493516060463
"198","site1",4.01468090319181,0.78781318698851,0.326868331698638
"199","site1",4.03984414532008,0.853361021751593,-0.116969848881222
"200","site1",4.06500738744835,0.801531935171068,0.225987200118707
"201","site1",4.09017062957661,0.496936575430377,0.116240208655316
"202","site1",4.11533387170488,0.809870324993532,0.0758586134153131
"203","site1",4.14049711383315,0.485354589993431,-0.0621481751870747
"204","site1",4.16566035596142,0.871476127096988,0.177278000261849
"205","site1",4.19082359808969,0.610387215462858,-0.328372949981662
"206","site1",4.21598684021795,0.385708228874229,-0.197712748301714
"207","site1",4.24115008234622,0.28758184051598,-0.0488006858981909
"208","site1",4.26631332447449,0.198114420166054,0.0312113851445579
"209","site1",4.29147656660276,0.195475282069534,0.0204103916568477
"210","site1",4.31663980873102,0.0727431534034483,-0.0574916343265661
"211","site1",4.34180305085929,0.593469047409156,-0.0586389772756455
"212","site1",4.36696629298756,0.505003853472097,0.0938954116114438
"213","site1",4.39212953511583,0.269347086379634,-0.132517702457442
"214","site1",4.41729277724409,0.344059368483536,-0.438074533158977
"215","site1",4.44245601937236,0.191326282147538,0.000770934336058908
"216","site1",4.46761926150063,0.730605839832347,0.172588565812227
"217","site1",4.4927825036289,0.0587777444118525,0.196044671817124
"218","site1",4.51794574575717,0.182244796844554,-0.0583449542208471
"219","site1",4.54310898788543,0.218500941421369,-0.0122026951666268
"220","site1",4.5682722300137,0.267267051451716,0.302373680236895
"221","site1",4.59343547214197,0.0841484753443006,-0.128721812984585
"222","site1",4.61859871427024,-0.351127234349056,-0.0261900958871132
"223","site1",4.6437619563985,-0.184149708745519,0.0970422906817606
"224","site1",4.66892519852677,0.115195877770573,-0.129036486909402
"225","site1",4.69408844065504,0.0160904225487446,-0.0927912439280751
"226","site1",4.71925168278331,-0.194992481054045,0.113449939394531
"227","site1",4.74441492491158,-0.0551855346113216,-0.1446815667519
"228","site1",4.76957816703984,-0.220151759671695,0.0911769107417448
"229","site1",4.79474140916811,-0.0338066795390457,-0.239586925276783
"230","site1",4.81990465129638,-0.392328329507392,-0.403636110014934
"231","site1",4.84506789342465,-0.0591017577553494,0.123944680993904
"232","site1",4.87023113555291,-0.107505024285624,-0.0265714932201871
"233","site1",4.89539437768118,-0.168927965280837,-0.086992147912869
"234","site1",4.92055761980945,-0.202837145681849,-0.104350835748305
"235","site1",4.94572086193772,-0.179752717764348,0.198457685124241
"236","site1",4.97088410406599,-0.385427979491088,-0.217084481570232
"237","site1",4.99604734619425,-0.303703436241517,0.19196648274778
"238","site1",5.02121058832252,-0.171109062601668,-0.207802108175136
"239","site1",5.04637383045079,-0.10761646213322,-0.0275683934796368
"240","site1",5.07153707257906,-0.322722511579597,-0.0429416836131785
"241","site1",5.09670031470732,-0.398471513104311,0.114743716997124
"242","site1",5.12186355683559,-0.580541069496568,-0.355289862982509
"243","site1",5.14702679896386,-0.708599170420062,-0.0512784590323409
"244","site1",5.17219004109213,-0.6031877431461,-0.0277101272119598
"245","site1",5.1973532832204,-0.215360157474638,0.111536994869154
"246","site1",5.22251652534866,-0.33386011991772,0.224469257790456
"247","site1",5.24767976747693,-0.553994298233763,-0.196429441489273
"248","site1",5.2728430096052,-0.616532878410716,0.0653811111923304
"249","site1",5.29800625173347,-0.636509923565103,0.0895653216783807
"250","site1",5.32316949386173,-0.374109659682277,0.23674482405822
"251","site1",5.34833273599,-0.64909264682279,-0.0177233833091363
"252","site1",5.37349597811827,-0.362787232273275,0.22939957606619
"253","site1",5.39865922024654,-0.504321320684346,0.0173625146580776
"254","site1",5.42382246237481,-0.393057738510849,-0.0590010068371825
"255","site1",5.44898570450307,-0.846423221699035,0.102466587764645
"256","site1",5.47414894663134,-0.688521872405703,0.0566627269040683
"257","site1",5.49931218875961,-0.884358672783289,0.0769087432451642
"258","site1",5.52447543088788,-0.606472397846309,0.200960867796005
"259","site1",5.54963867301614,-0.718861049789632,-0.0571931582547259
"260","site1",5.57480191514441,-0.815849419702659,-0.047467978133219
"261","site1",5.59996515727268,-0.484346202774881,-0.0407348734494269
"262","site1",5.62512839940095,-0.745378163844827,0.214494401129787
"263","site1",5.65029164152921,-0.607010554106919,0.390055557130897
"264","site1",5.67545488365748,-0.664574235328339,0.192890813368756
"265","site1",5.70061812578575,-0.990408342640811,0.207680917684834
"266","site1",5.72578136791402,-0.971829227587554,0.353774720746799
"267","site1",5.75094461004229,-0.852356097834152,-0.114330029401039
"268","site1",5.77610785217055,-1.10024465393222,-0.294056577956692
"269","site1",5.80127109429882,-0.770765598226163,-0.222073288913705
"270","site1",5.82643433642709,-1.15364005228287,0.0508806778232441
"271","site1",5.85159757855536,-0.583213265856819,0.00466893618783617
"272","site1",5.87676082068363,-1.01867950964926,-0.543185058901161
"273","site1",5.90192406281189,-0.592536634153707,0.237057850285331
"274","site1",5.92708730494016,-1.01976824617566,-0.0439510395015228
"275","site1",5.95225054706843,-1.14019639486163,-0.011334552135316
"276","site1",5.9774137891967,-0.948538413604422,0.081312901887917
"277","site1",6.00257703132496,-0.955392092708771,-0.261885989928018
"278","site1",6.02774027345323,-1.30358748663202,-0.141338257375376
"279","site1",6.0529035155815,-0.762851941592094,0.206778333987582
"280","site1",6.07806675770977,-1.20295666577527,0.394552193489652
"281","site1",6.10322999983804,-0.916728251119352,0.137505014698664
"282","site1",6.1283932419663,-0.889084456985131,0.147648509993909
"283","site1",6.15355648409457,-0.963999400867588,-0.341654046364144
"284","site1",6.17871972622284,-1.01830683683311,0.210523958146231
"285","site1",6.20388296835111,-0.957320364620763,0.224647821791243
"286","site1",6.22904621047937,-1.21227337927881,-0.0709184011500852
"287","site1",6.25420945260764,-1.16022287277006,0.0376477706641693
"288","site1",6.27937269473591,-1.22274575926589,0.184760005455919
"289","site1",6.30453593686418,-0.683753747223415,0.430540168617872
"290","site1",6.32969917899244,-0.699354672680512,-0.221947868534003
"291","site1",6.35486242112071,-0.944903203540272,0.205901644415305
"292","site1",6.38002566324898,-1.24189487598323,0.275430949949652
"293","site1",6.40518890537725,-0.993311494842344,0.182962210375197
"294","site1",6.43035214750552,-0.686856034570062,0.058724686290692
"295","site1",6.45551538963378,-1.08032753982035,-0.0303477249396766
"296","site1",6.48067863176205,-0.820978210257061,0.0329782879467348
"297","site1",6.50584187389032,-1.17011477706175,0.173715486110855
"298","site1",6.53100511601859,-0.831574966922829,-0.215606898676412
"299","site1",6.55616835814685,-1.15413875663176,-0.244466393649202
"300","site1",6.58133160027512,-1.20222406696505,-0.142288939205605
"301","site1",6.60649484240339,-1.13956752864132,-0.284806333261484
"302","site1",6.63165808453166,-1.1138518731781,-0.33386888238707
"303","site1",6.65682132665993,-1.11314248127263,0.275847226471914
"304","site1",6.68198456878819,-0.773272658412195,-0.183934916677111
"305","site1",6.70714781091646,-0.897763717171812,-0.100898008759614
"306","site1",6.73231105304473,-0.965577179523571,-0.226946362543268
"307","site1",6.757474295173,-1.10691827933587,0.102554610996361
"308","site1",6.78263753730126,-1.08103083445704,0.105597756539352
"309","site1",6.80780077942953,-1.01907464489926,0.237649464797355
"310","site1",6.8329640215578,-1.07658417657949,-0.0924072715211233
"311","site1",6.85812726368607,-0.928858714398825,0.248213857615503
"312","site1",6.88329050581433,-0.730928935834927,0.0274043103679519
"313","site1",6.9084537479426,-1.04690416290639,-0.259929047769581
"314","site1",6.93361699007087,-0.501771076348024,0.230281788503006
"315","site1",6.95878023219914,-1.04261916427092,0.302689495581838
"316","site1",6.98394347432741,-0.783658527375071,0.160427575210011
"317","site1",7.00910671645567,-0.273944103578051,-0.0861073883532443
"318","site1",7.03426995858394,-0.55282380288851,-0.268940188042851
"319","site1",7.05943320071221,-0.763983939133831,0.00748841403610006
"320","site1",7.08459644284048,-0.868846480213292,-0.269144357835932
"321","site1",7.10975968496875,-0.56088246945318,-0.362800863188757
"322","site1",7.13492292709701,-0.661182579794617,0.140806706360033
"323","site1",7.16008616922528,-0.71450765910381,-0.059803932762843
"324","site1",7.18524941135355,-0.55641462986429,-0.0797782592548788
"325","site1",7.21041265348182,-0.697815422944819,-0.128663465982524
"326","site1",7.23557589561008,-0.0480052820880537,0.263121010944811
"327","site1",7.26073913773835,-0.222996774551408,-0.316993576281347
"328","site1",7.28590237986662,-0.382097174651024,-0.0888992849770981
"329","site1",7.31106562199489,-0.373986786995923,0.113236615581541
"330","site1",7.33622886412316,-0.603505082850791,0.0580651348977992
"331","site1",7.36139210625142,-0.295753458309507,-0.123108866463745
"332","site1",7.38655534837969,-0.520309082708079,-0.0124015637510916
"333","site1",7.41171859050796,-0.629596780597102,-0.0385220509908001
"334","site1",7.43688183263623,-0.0284740941061906,0.336630789715024
"335","site1",7.46204507476449,-0.567773058099346,0.0205147692126891
"336","site1",7.48720831689276,-0.417444520711452,-0.130967062682944
"337","site1",7.51237155902103,-0.457994619062387,0.237315039924669
"338","site1",7.5375348011493,-0.500606948233682,-0.254473934358974
"339","site1",7.56269804327757,-0.167386952160865,0.107612916023739
"340","site1",7.58786128540583,-0.567713320029081,0.24617007830447
"341","site1",7.6130245275341,-0.279869991666109,-0.2331413926925
"342","site1",7.63818776966237,-0.328982030544775,0.0648418896759823
"343","site1",7.66335101179064,-0.467511338364656,0.190173474997291
"344","site1",7.6885142539189,-0.178796821800896,0.223486720374404
"345","site1",7.71367749604717,-0.226020176347228,0.30479380931495
"346","site1",7.73884073817544,-0.233331726998467,0.383609681936281
"347","site1",7.76400398030371,0.106366938693415,0.0400354611464549
"348","site1",7.78916722243197,0.0417128301567588,-0.169438098952277
"349","site1",7.81433046456024,-0.0577320050503976,-0.151373507962332
"350","site1",7.83949370668851,0.0168106778840043,0.139020923273693
"351","site1",7.86465694881678,-0.136787226088532,-0.314583574896993
"352","site1",7.88982019094504,-0.00443735556456691,0.100046759977618
"353","site1",7.91498343307331,0.281399291638297,-0.230983731903917
"354","site1",7.94014667520158,0.0827088087417879,-0.185040245666668
"355","site1",7.96530991732985,0.143456185658348,0.0683809117426221
"356","site1",7.99047315945812,0.541020393354143,-0.117925592506346
"357","site1",8.01563640158638,0.0202127686961077,-0.165687676282222
"358","site1",8.04079964371465,0.377891693025154,-0.132746041954049
"359","site1",8.06596288584292,0.568494225723303,0.283288170523718
"360","site1",8.09112612797119,0.0220949670086044,-0.27430046853269
"361","site1",8.11628937009946,0.262837347701204,0.0217721446213262
"362","site1",8.14145261222772,0.205546167759418,-0.0933644504529932
"363","site1",8.16661585435599,0.209399681150435,0.592348672659437
"364","site1",8.19177909648426,0.122266302066233,-0.0315654360272547
"365","site1",8.21694233861253,0.1758013465247,0.363885054672416
"366","site1",8.24210558074079,0.632330001179041,0.172748510210133
"367","site1",8.26726882286906,0.520390108051611,-0.313288643976377
"368","site1",8.29243206499733,0.579663842919253,0.103091193764296
"369","site1",8.3175953071256,0.75865731736473,0.13924390242482
"370","site1",8.34275854925387,0.396466009212461,0.00508422011080654
"371","site1",8.36792179138213,0.654923489039631,-0.390356660246757
"372","site1",8.3930850335104,0.501239807475287,0.449071747298524
"373","site1",8.41824827563867,0.434520622440057,-0.0375474350916216
"374","site1",8.44341151776694,0.741099744838684,-0.280250237941036
"375","site1",8.4685747598952,0.584013688762077,0.249671701149264
"376","site1",8.49373800202347,0.383759972783607,-0.0494156460814753
"377","site1",8.51890124415174,0.569304599977593,0.0491119031204896
"378","site1",8.54406448628001,0.935645768316253,-0.155744711488687
"379","site1",8.56922772840828,0.89023493048391,-0.358177236162528
"380","site1",8.59439097053654,0.383048695285613,-0.0335047711897011
"381","site1",8.61955421266481,0.711961178581144,0.1501959873682
"382","site1",8.64471745479308,0.880403976822319,-0.00340468067480761
"383","site1",8.66988069692135,0.4034690373079,0.00551579480572079
"384","site1",8.69504393904961,1.02706442018976,0.044429229419405
"385","site1",8.72020718117788,0.653537558522427,0.0797263649497239
"386","site1",8.74537042330615,0.8336780633919,-0.0523036825496957
"387","site1",8.77053366543442,0.754713497155041,-0.0606355248144353
"388","site1",8.79569690756269,1.12380019599108,-0.146714356959214
"389","site1",8.82086014969095,0.528007596848503,-0.276370942739654
"390","site1",8.84602339181922,0.808222885585675,-0.288337474653199
"391","site1",8.87118663394749,0.63563984949995,-0.157262032847316
"392","site1",8.89634987607576,0.944909206210991,-0.148496447917036
"393","site1",8.92151311820402,1.32186507893538,-0.0781960493941204
"394","site1",8.94667636033229,0.58497056365838,-0.24315101251663
"395","site1",8.97183960246056,0.886823647993584,-0.178081118257641
"396","site1",8.99700284458883,0.880436830266631,0.299654526220256
"397","site1",9.02216608671709,1.22835935557616,0.0743678221896016
"398","site1",9.04732932884536,0.733236832873553,0.0522212166872403
"399","site1",9.07249257097363,1.03790223973791,-0.00490877135752394
"400","site1",9.0976558131019,1.28636054879613,-0.183537848712464
"401","site1",9.12281905523017,0.902608498651456,-0.118376843546692
"402","site1",9.14798229735843,0.820750322232803,-0.0741986111263964
"403","site1",9.1731455394867,0.936271562188783,0.0175848514343296
"404","site1",9.19830878161497,1.07472963747494,-0.00694526894490826
"405","site1",9.22347202374324,0.777098358443289,0.361274853802703
"406","site1",9.2486352658715,1.30747739065728,-0.0680472130482366
"407","site1",9.27379850799977,0.98975263305949,-0.149792651109063
"408","site1",9.29896175012804,0.411115763826487,-0.327827367727583
"409","site1",9.32412499225631,0.773505801292385,-0.200237535145343
"410","site1",9.34928823438458,1.30666539000381,0.519154367569761
"411","site1",9.37445147651284,0.803367819684612,0.0606397630315578
"412","site1",9.39961471864111,0.979382732801433,0.181749477637908
"413","site1",9.42477796076938,1.25259085697616,0.0415699895573555
"414","site1",9.44994120289765,1.25227427930394,0.0356028003967358
"415","site1",9.47510444502591,0.933487217612826,-0.0331529996340526
"416","site1",9.50026768715418,1.26311185606466,0.111420724005253
"417","site1",9.52543092928245,1.24942462937202,0.288866880683369
"418","site1",9.55059417141072,1.07502386278688,0.180271412136184
"419","site1",9.57575741353899,0.680634227708249,-0.0444070088809653
"420","site1",9.60092065566725,0.798813536620945,0.021238263129923
"421","site1",9.62608389779552,0.920862203184135,-0.289844166691827
"422","site1",9.65124713992379,0.973311837380691,0.227710344706949
"423","site1",9.67641038205206,1.44943794119484,0.36276494216062
"424","site1",9.70157362418032,1.11465473159443,-0.302207746537511
"425","site1",9.72673686630859,0.794953910567208,-0.00361737174155261
"426","site1",9.75190010843686,0.717439570804242,-0.176037619672299
"427","site1",9.77706335056513,0.88069429046793,-0.239495419874659
"428","site1",9.8022265926934,0.869764943054864,0.213751791559043
"429","site1",9.82738983482166,0.837738575251755,0.233347371696435
"430","site1",9.85255307694993,0.960335677905651,0.405991699174
"431","site1",9.8777163190782,0.720780906939079,0.100034548175595
"432","site1",9.90287956120647,0.97500662517959,-0.364549955748605
"433","site1",9.92804280333474,0.628504954221202,0.0978322121855629
"434","site1",9.953206045463,0.818747082766344,-0.138777879414742
"435","site1",9.97836928759127,0.926121016859926,-0.0398129023668006
"436","site1",10.0035325297195,0.863811799210751,0.0483908152925884
"437","site1",10.0286957718478,0.983955025849589,0.0140705006723507
"438","site1",10.0538590139761,0.79714720487057,0.158829213192116
"439","site1",10.0790222561043,0.894229640535846,-0.131075739230744
"440","site1",10.1041854982326,0.995098990999767,-0.135493019418559
"441","site1",10.1293487403609,0.623698863003284,0.0367637028671532
"442","site1",10.1545119824891,0.488431878048526,0.175541653395572
"443","site1",10.1796752246174,0.737687177697689,-0.0784461825269733
"444","site1",10.2048384667457,0.663729672815215,-0.133789661012895
"445","site1",10.2300017088739,0.584372282181365,-0.202026648623185
"446","site1",10.2551649510022,0.587928073818734,-0.150166119154152
"447","site1",10.2803281931305,0.52590889172677,-0.0567105993316754
"448","site1",10.3054914352587,0.781951229024699,-0.233160596286422
"449","site1",10.330654677387,0.847378221450846,0.138244997144646
"450","site1",10.3558179195153,0.79543208057537,-0.411307526165667
"451","site1",10.3809811616436,0.490723528695267,-0.0308349005619484
"452","site1",10.4061444037718,0.803548019942757,-0.288978862113268
"453","site1",10.4313076459001,0.478927029628221,0.243230172728306
"454","site1",10.4564708880284,0.86494738106154,-0.102234227397393
"455","site1",10.4816341301566,0.603761417467618,0.225707751433646
"456","site1",10.5067973722849,0.378989574078608,-0.0839286536554569
"457","site1",10.5319606144132,0.28077458287217,-0.042547946902849
"458","site1",10.5571238565414,0.191222869725612,-0.204132155991329
"459","site1",10.5822870986697,0.188503802254454,-0.616472723525423
"460","site1",10.607450340798,0.0656961582434323,0.329228672611013
"461","site1",10.6326135829262,0.586350998746853,-0.282242801247004
"462","site1",10.6577768250545,0.49781925813806,0.51302752616998
"463","site1",10.6829400671828,0.262100493338796,0.0651187427704566
"464","site1",10.708103309311,0.336755365955009,-0.113107563743727
"465","site1",10.7332665514393,0.18396949469956,0.139779735289745
"466","site1",10.7584297935676,0.723200925454208,0.176143019469946
"467","site1",10.7835930356958,0.0513293915646661,-0.0455509941898973
"468","site1",10.8087562778241,0.174757721492733,0.0272601497777617
"469","site1",10.8339195199524,0.210979884046686,0.368681646588052
"470","site1",10.8590827620806,0.259716774051846,-0.281078343590492
"471","site1",10.8842460042089,0.0765737584177284,-0.00981661408426448
"472","site1",10.9094092463372,-0.358721594829824,0.158830901329084
"473","site1",10.9345724884654,-0.191758904370557,-0.282804703094621
"474","site1",10.9597357305937,0.107576664804142,-0.357985472611883
"475","site1",10.984898972722,0.00846601638632933,0.270879466489161
"476","site1",11.0100622148502,-0.202617252978933,-0.149553341051395
"477","site1",11.0352254569785,-0.0628058446335889,-0.207490495574659
"478","site1",11.0603886991068,-0.227762782951324,-0.00723442718095053
"479","site1",11.0855519412351,-0.0414035971159706,-0.110870121288201
"480","site1",11.1107151833633,-0.399906331352647,-0.111773350325084
"481","site1",11.1358784254916,-0.0666560458165669,-0.283974676616684
"482","site1",11.1610416676199,-0.115030815524945,-0.181591970815433
"483","site1",11.1862049097481,-0.176420494703315,0.16952661890344
"484","site1",11.2113681518764,-0.210291669352439,0.0998926199275504
"485","site1",11.2365313940047,-0.187164515811545,-0.127565103512971
"486","site1",11.2616946361329,-0.392792359095349,0.483101029563933
"487","site1",11.2868578782612,-0.311015734606535,0.296181624993068
"488","site1",11.3120211203895,-0.178364649906656,-0.147796351733687
"489","site1",11.3371843625177,-0.114810744464296,-0.0195530265707537
"490","site1",11.362347604646,-0.329850933838455,-0.647277146470815
"491","site1",11.3875108467743,-0.405529561892299,0.19141273161599
"492","site1",11.4126740889025,-0.587524275972377,0.111866834935585
"493","site1",11.4378373310308,-0.715503113129188,-0.0995401425708709
"494","site1",11.4630005731591,-0.610008050820321,-0.038796061912344
"495","site1",11.4881638152873,-0.222092511799697,0.0172669869293093
"496","site1",11.5133270574156,-0.340500258267498,0.203501507633556
"497","site1",11.5384902995439,-0.560538016369175,-0.193983604572037
"498","site1",11.5636535416721,-0.622976033141651,0.213270480300223
"499","site1",11.5888167838004,-0.642848435373709,0.151101830947366
"500","site1",11.6139800259287,-0.380339515305926,-0.140650458842161
"501","site1",11.6391432680569,-0.655209901795099,-0.0573703129864555
"502","site1",11.6643065101852,-0.368788013421564,0.368221378652634
"503","site1",11.6894697523135,-0.510201828581962,-0.0313528619474564
"504","site1",11.7146329944417,-0.398814249882787,-0.277960527026929
"505","site1",11.73979623657,-0.852052091779356,-0.294620797878488
"506","site1",11.7649594786983,-0.694019537245231,-0.0139037867475415
"507","site1",11.7901227208265,-0.88972165150615,0.0478482859467732
"508","site1",11.8152859629548,-0.611697294853861,0.0500839821156297
"509","site1",11.8404492050831,-0.723944556910412,-0.0528847899649752
"510","site1",11.8656124472114,-0.820788318286964,-0.395079991098038
"511","site1",11.8907756893396,-0.489137365732678,-0.0899752012840786
"512","site1",11.9159389314679,-0.750018557625682,0.185293131073897
"513","site1",11.9411021735962,-0.61149724062071,-0.463994222129354
"514","site1",11.9662654157244,-0.668904373805521,0.122786709990611
"515","site1",11.9914286578527,-0.994579191431064,-0.294628026305859
"516","site1",12.016591899981,-0.975838145895676,-0.0438098370055985
"517","site1",12.0417551421092,-0.856200547392091,-0.28068325859194
"518","site1",12.0669183842375,-1.1039222006062,0.164125681590047
"519","site1",12.0920816263658,-0.774273913557837,-0.118545255242313
"520","site1",12.117244868494,-1.15697691496364,0.0843937585214167
"521","site1",12.1424081106223,-0.586376563134251,-0.160030421734796
"522","site1",12.1675713527506,-1.02166723866478,-0.236640228737701
"523","site1",12.1927345948788,-0.595346903210711,-0.301911458007983
"524","site1",12.2178978370071,-1.02239927593728,-0.231188621777247
"525","site1",12.2430610791354,-1.14264651947731,-0.0709710202244949
"526","site1",12.2682243212636,-0.950806081764668,0.277090237167776
"527","site1",12.2933875633919,-0.957475868627366,0.113931971730567
"528","site1",12.3185508055202,-1.30548605095511,-0.127699016552838
"529","site1",12.3437140476484,-0.764564092233524,0.0479608892793623
"530","site1",12.3688772897767,-1.20448131867771,-0.200154884630289
"531","site1",12.394040531905,-0.918064440940677,-0.123057326779644
"532","site1",12.4192037740332,-0.890231337709609,0.0315460373636701
"533","site1",12.4443670161615,-0.964956246341561,0.536812160815135
"534","site1",12.4695302582898,-1.01907304122475,0.0458934920423173
"535","site1",12.494693500418,-0.957895442803666,0.0200509333483225
"536","site1",12.5198567425463,-1.21265696713915,-0.46050250333955
"537","site1",12.5450199846746,-1.16041472743713,0.235178972569819
"538","site1",12.5701832268028,-1.22274757626539,0.249673927913808
"539","site1",12.5953464689311,-0.683666835232064,-0.324649183581617
"540","site1",12.6205097110594,-0.699337375563208,-0.000531229186026484
"541","site1",12.6456729531877,-0.945113821084889,-0.167452856950555
"542","site1",12.6708361953159,-1.24249156367226,0.0237706489408403
"543","site1",12.6959994374442,-0.994452163715888,-0.100201459664606
"544","site1",12.7211626795725,-0.688698251243643,0.20506894510554
"545","site1",12.7463259217007,-1.08302842672074,0.0435616426299516
"546","site1",12.771489163829,-0.824694346139408,0.0171157311000666
"547","site1",12.7966524059573,-1.17500209787087,0.0775538057259022
"548","site1",12.8218156480855,-0.837788667061533,-0.363531325790093
"549","site1",12.8469788902138,-1.16183319069872,-0.234910030557996
"550","site1",12.8721421323421,-1.21155265202431,0.273321302700374
"551","site1",12.8973053744703,-1.15068264708551,0.03811772492543
"552","site1",12.9224686165986,-1.12690477624668,0.0814286345970265
"553","site1",12.9476318587269,-1.12828319328638,-0.2811158142688
"554","site1",12.9727951008551,-0.7906498817845,0.434448833564842
"555","site1",12.9979583429834,-0.917524738256927,-0.10790855512794
"556","site1",13.0231215851117,-0.987867775361496,0.0973775543762439
"557","site1",13.0482848272399,-1.13188262535284,-0.052306400003455
"558","site1",13.0734480693682,-1.10881141318004,0.184662717795041
"559","site1",13.0986113114965,-1.04981215574254,-0.182182392958497
"560","site1",13.1237745536247,-1.11041744675987,0.196765508719253
"561","site1",13.148937795753,-0.965924611036598,0.200613988368434
"562","site1",13.1741010378813,-0.771362279295647,-0.158152069618429
"563","site1",13.1992642800095,-1.09083764143866,-0.331606714587904
"564","site1",13.2244275221378,-0.549335162071228,0.0801989503443555
"565","site1",13.2495907642661,-1.09394203056609,-0.469600976524835
"566","site1",13.2747540063943,-0.838865967731224,0.146095518087069
"567","site1",13.2999172485226,-0.333159451945386,0.151051040819352
"568","site1",13.3250804906509,-0.616167855588847,0.157713275936577
"569","site1",13.3502437327792,-0.831574878377775,-0.0684126892412818
"570","site1",13.3754069749074,-0.940799799272536,0.364769778393706
"571","site1",13.4005702170357,-0.637310899535322,-0.0296280960799181
"572","site1",13.425733459164,-0.742196018666796,-0.194313179391488
"573","site1",13.4508967012922,-0.800213101510341,-0.0778277935111443
"574","site1",13.4760599434205,-0.646916099782378,-0.252731233179072
"575","site1",13.5012231855488,-0.793213907721213,-0.255653101244546
"576","site1",13.526386427677,-0.148398668498381,0.0408773911378248
"577","site1",13.5515496698053,-0.328479786822624,0.00931354964283633
"578","site1",13.5767129119336,-0.492761314486274,-0.107753717685198
"579","site1",13.6018761540618,-0.489920275639743,-0.0437366462961481
"580","site1",13.6270393961901,-0.724792805231356,-0.0310590839876308
"581","site1",13.6522026383184,-0.422476909293289,-0.0612512744394931
"582","site1",13.6773658804466,-0.652546315500931,0.353857876262068
"583","site1",13.7025291225749,-0.767422357324458,-0.11860839906308
"584","site1",13.7276923647032,-0.171959038603657,0.137886249572528
"585","site1",13.7528556068314,-0.716984810943576,-0.0680160373465559
"586","site1",13.7780188489597,-0.572446896519791,-0.212301988373023
"587","site1",13.803182091088,-0.6188477660883,-0.187834640885918
"588","site1",13.8283453332162,-0.667367310283572,0.0313825176305422
"589","site1",13.8535085753445,-0.34010723285637,-0.114359441047118
"590","site1",13.8786718174728,-0.746442449437492,0.0316398975984712
"591","site1",13.903835059601,-0.464653095320049,0.0681381693763358
"592","site1",13.9289983017293,-0.51986040087071,0.147072883538287
"593","site1",13.9541615438576,-0.664522408538388,-0.204965626053893
"594","site1",13.9793247859858,-0.38197414204654,0.27267242814411
"595","site1",14.0044880281141,-0.435393392694712,-0.38303614453193
"596","site1",14.0296512702424,-0.448926562512988,-0.384766750444727
"597","site1",14.0548145123706,-0.115471299801915,0.227143392017941
"598","site1",14.0799777544989,-0.186386642089184,0.248244722846842
"599","site1",14.1051409966272,-0.292106577483147,-0.231500977571771
"600","site1",14.1303042387554,-0.223848888058526,0.0993243986697132
"601","site1",14.1554674808837,-0.383737699486586,-0.266381625882037
"602","site1",14.180630723012,-0.25768066724221,0.318525723953736
"603","site1",14.2057939651403,0.0218651952011868,0.01239161619771
"604","site1",14.2309572072685,-0.183110035890678,-0.0291891721978199
"605","site1",14.2561204493968,-0.128637391383448,-0.0687471557507382
"606","site1",14.2812836915251,0.262666072569396,-0.24943419851809
"607","site1",14.3064469336533,-0.264384343141844,0.168666791985793
"608","site1",14.3316101757816,0.0870736954802562,-0.000426227203170556
"609","site1",14.3567734179099,0.271481186604758,0.0983761700463129
"610","site1",14.3819366600381,-0.281083347126614,-0.162806704584991
"611","site1",14.4070999021664,-0.0464725713168834,-0.0860972021524573
"612","site1",14.4322631442947,-0.109857803749334,0.0473108797798078
"613","site1",14.4574263864229,-0.112056931974872,-0.350845168575183
"614","site1",14.4825896285512,-0.205197709539134,-0.190556766021229
"615","site1",14.5077528706795,-0.157621016807777,-0.125770829592765
"616","site1",14.5329161128077,0.293002105434645,0.112555778698773
"617","site1",14.558079354936,0.175213238329895,-0.190654883424842
"618","site1",14.5832425970643,0.228698260963947,-0.218911481775946
"619","site1",14.6084058391925,0.401966950073654,0.0823034265303439
"620","site1",14.6335690813208,0.0341184081618672,-0.153236513628459
"621","site1",14.6587323234491,0.286989787713559,0.201345808143878
"622","site1",14.6838955655773,0.127794676227024,-0.339779892076607
"623","site1",14.7090588077056,0.0556422212141946,-0.0768038885393108
"624","site1",14.7342220498339,0.356869673683746,-0.161754626049353
"625","site1",14.7593852919621,0.194516936164998,-0.104977874712776
"626","site1",14.7845485340904,-0.0109151381411733,0.142977437955282
"627","site1",14.8097117762187,0.169542732544802,0.140405857705106
"628","site1",14.8348750183469,0.53089196690221,-0.153740025729815
"629","site1",14.8600382604752,0.480587178285054,-0.375424819370386
"630","site1",14.8852015026035,-0.0313919258705245,-0.154104517765449
"631","site1",14.9103647447318,0.292831804925856,0.266793305140248
"632","site1",14.93552798686,0.456692935834711,-0.00405870891443112
"633","site1",14.9606912289883,-0.0247136849380368,-0.176395454478287
"634","site1",14.9858544711166,0.594522834028367,0.00174560429809285
"635","site1",15.0110177132448,0.21675268562645,0.16456521818005
"636","site1",15.0361809553731,0.392768167601867,0.369569755939115
"637","site1",15.0613441975014,0.309799454091781,0.108262070870473
"638","site1",15.0865074396296,0.675005416522663,-0.19807752227922
"639","site1",15.1116706817579,0.0754579489520007,0.455415404097059
"640","site1",15.1368339238862,0.352046614653167,0.0176178733503616
"641","site1",15.1619971660144,0.175967497139277,0.284207156060472
"642","site1",15.1871604081427,0.481873527592629,0.26035964196027
"643","site1",15.212323650271,0.855600958737801,-0.407583214944681
"644","site1",15.2374868923992,0.115614930665106,0.328172393536139
"645","site1",15.2626501345275,0.414515388395976,-0.021985220000449
"646","site1",15.2878133766558,0.405316699727366,-0.167591878643991
"647","site1",15.312976618784,0.750569890109031,0.0149342243499954
"648","site1",15.3381398609123,0.25292225859603,0.0162636852717757
"649","site1",15.3633031030406,0.555208381553604,0.00513823459240004
"650","site1",15.3884663451688,0.801434738064959,-0.0295801502122832
"651","site1",15.4136295872971,0.415599479906041,0.300568734500149
"652","site1",15.4387928294254,0.331808159000041,0.206418495113522
"653","site1",15.4639560715536,0.445547541976339,0.0674709390576468
"654","site1",15.4891193136819,0.582376175982751,-0.116286849186168
"655","site1",15.5142825558102,0.283268903060736,0.248998978820131
"656","site1",15.5394457979384,0.812326323307173,0.138130629722818
"657","site1",15.5646090400667,0.493435172450322,-0.0834163457245381
"658","site1",15.589772282195,-0.0862121328251283,-0.0979632027519525
"659","site1",15.6149355243232,0.275324065577917,-0.0484562769444213
"660","site1",15.6400987664515,0.807786952818853,-0.0306157784959942
"661","site1",15.6652620085798,0.303950259741781,0.0780790429868766
"662","site1",15.6904252507081,0.479583970161806,0.17803618589744
"663","site1",15.7155884928363,0.752569053061338,0.0450176793721961
"664","site1",15.7407517349646,0.434350207638009,-0.335858327970747
"665","site1",15.7659149770929,0.764700804786988,0.0720339053909318
"666","site1",15.7910782192211,0.751896819576226,0.22189594688891
"667","site1",15.8162414613494,0.578536018028646,-0.261242980765716
"668","site1",15.8414047034777,0.185342413083813,-0.37760466505895
"669","site1",15.8665679456059,0.304873059953688,0.158740634889333
"670","site1",15.8917311877342,0.428427516690586,-0.0769276327408465
"671","site1",15.9168944298625,0.482536439878282,0.102973198449307
"672","site1",15.9420576719907,0.960474280913312,-0.047476998668359
"673","site1",15.967220914119,0.627654109652412,0.348302106078452
"674","site1",15.9923841562473,0.310066385175126,0.240835502589241
"675","site1",16.0175473983755,0.234813862254139,0.131195004025918
"676","site1",16.0427106405038,0.40047768697043,0.167865190073236
"677","site1",16.0678738826321,0.392103207482851,0.191733612942478
"678","site1",16.0930371247603,0.362775852849831,0.227159914096672
"679","site1",16.1182003668886,0.488214405023807,-0.185152630612801
"680","site1",16.1433636090169,0.251641720848354,0.318723443996212
"681","site1",16.1685268511451,0.508988275026835,-0.283193384069091
"682","site1",16.1936900932734,0.165744213179314,-0.42969400813787
"683","site1",16.2188533354017,0.359378661435602,-0.0369940191211118
"684","site1",16.2440165775299,0.470277477975253,0.126790677973626
"685","site1",16.2691798196582,0.411623473708912,0.0804684274629108
"686","site1",16.2943430617865,0.53554993034946,0.117789949058638
"687","site1",16.3195063039147,0.35265096061873,0.0217616536105757
"688","site1",16.344669546043,0.453765393868818,-0.119528432273376
"689","site1",16.3698327881713,0.558787335373254,0.0297804316407517
"690","site1",16.3949960302996,0.191657762637779,0.362296172569269
"691","site1",16.4201592724278,0.0607765932396345,-0.0542128185829937
"692","site1",16.4453225145561,0.314530191838455,0.100071809890959
"693","site1",16.4704857566844,0.245180621176663,0.0994432233571435
"694","site1",16.4956489988126,0.170537882496342,0.245730359519461
"695","site1",16.5208122409409,0.178912058713005,-0.217866772928903
"696","site1",16.5459754830692,0.12181194304015,-0.0743620043357263
"697","site1",16.5711387251974,0.382870914063812,0.0583581531847624
"698","site1",16.5963019673257,0.45340893121386,-0.0836100797569242
"699","site1",16.621465209454,0.406664969987839,0.0369548930379183
"700","site1",16.6466284515822,0.107246458894888,-0.0501710623169471
"701","site1",16.6717916937105,0.425445502649635,-0.191863284590265
"702","site1",16.6969549358388,0.106280173635817,-0.324063329923613
"703","site1",16.722118177967,0.497833840882208,0.164502658273623
"704","site1",16.7472814200953,0.242255344165226,0.0217425339327524
"705","site1",16.7724446622236,0.0231615683194065,0.152198952877111
"706","site1",16.7976079043518,-0.0693083497764036,-0.461251310302418
"707","site1",16.8227711464801,-0.153051621768639,0.212809026508801
"708","site1",16.8479343886084,-0.149902557687338,0.0686504792664924
"709","site1",16.8730976307366,-0.266786095186622,-0.0909389925887543
"710","site1",16.8982608728649,0.259845075908116,0.10756758117949
"711","site1",16.9234241149932,0.177338106024568,0.0559349878899406
"712","site1",16.9485873571214,-0.0523112625313054,0.12630548691379
"713","site1",16.9737505992497,0.0284537889757705,0.105925494910777
"714","site1",16.998913841378,-0.118184989433763,0.0331581812870952
"715","site1",17.0240770835062,0.427226556057168,0.0286338345839792
"716","site1",17.0492403256345,-0.238435754178398,-0.121216124455833
"717","site1",17.0744035677628,-0.108773023081808,0.0913060631828718
"718","site1",17.099566809891,-0.0662952291892008,-0.106806331858259
"719","site1",17.1247300520193,-0.0112854384616732,0.262530159224301
"720","site1",17.1498932941476,-0.18814225571032,0.0213724757322178
"721","site1",17.1750565362758,-0.617142093049412,0.288950251450709
"722","site1",17.2002197784041,-0.443878555198232,-0.0699648922765191
"723","site1",17.2253830205324,-0.138240796563372,-0.040595512920214
"724","site1",17.2505462626607,-0.23105190371771,0.168664773524199
"725","site1",17.2757095047889,-0.435842268604404,0.226857992514206
"726","site1",17.3008727469172,-0.289748576951503,-0.226829215555821
"727","site1",17.3260359890455,-0.448437830793943,0.167973295367696
"728","site1",17.3511992311737,-0.255829527733477,0.219689405955752
"729","site1",17.376362473302,-0.608105668657193,-0.0881253485842531
"730","site1",17.4015257154303,-0.268655256121141,0.140966150189678
"731","site1",17.4266889575585,-0.310860290786081,-0.130162127632187
"732","site1",17.4518521996868,-0.366114533278263,-0.106059054835895
"733","site1",17.4770154418151,-0.393888454282973,-0.0354069886978353
"734","site1",17.5021786839433,-0.364706090648179,-0.139556328042123
"735","site1",17.5273419260716,-0.564324601277224,0.295038134316933
"736","site1",17.5525051681999,-0.476588326413881,-0.00884567550501006
"737","site1",17.5776684103281,-0.338031047004187,-0.0850659662148422
"738","site1",17.6028316524564,-0.268628142055471,-0.327786294649798
"739","site1",17.6279948945847,-0.477880230452033,0.0130520306196028
"740","site1",17.6531581367129,-0.547835320824107,-0.155740041713877
"741","site1",17.6783213788412,-0.724174684406712,-0.0832552959728366
"742","site1",17.7034846209695,-0.84656993896574,-0.0716385484658662
"743","site1",17.7286478630977,-0.735566597233943,-0.336248091441174
"744","site1",17.753811105226,-0.3422215695618,0.0915128448760678
"745","site1",17.7789743473543,-0.455282055859247,0.0405699616298967
"746","site1",17.8041375894825,-0.670058167918088,0.0803680267525183
"747","site1",17.8293008316108,-0.727323484214565,-0.172292738931837
"748","site1",17.8544640737391,-0.742115406660408,-0.374539749507202
"749","site1",17.8796273158673,-0.474621444229125,0.387606329328455
"750","site1",17.9047905579956,-0.744605382083724,0.280705043931673
"751","site1",17.9299538001239,-0.453398732685616,-0.0931668855473895
"752","site1",17.9551170422521,-0.590132503928451,-0.290278310410375
"753","site1",17.9802802843804,-0.474172561613544,-0.038815290027334
"754","site1",18.0054435265087,-0.922948615212671,-0.0105958946613195
"755","site1",18.030606768637,-0.7605676727045,-0.417126633237536
"756","site1",18.0557700107652,-0.952037552519856,-0.0588376540111373
"757","site1",18.0809332528935,-0.669899794612346,0.0141950399137163
"758","site1",18.1060964950218,-0.778155093026003,0.336072371740046
"759","site1",18.13125973715,-0.871130855905105,-0.223381214036636
"760","site1",18.1564229792783,-0.535738319042735,0.480592555069234
"761","site1",18.1815862214066,-0.793006709821123,0.251025164008432
"762","site1",18.2067494635348,-0.651003662359334,-0.0139589763607002
"763","site1",18.2319127056631,-0.705062340221374,-0.0761712155969707
"764","site1",18.2570759477914,-1.02752409775058,0.0787113143547972
"765","site1",18.2822391899196,-1.00570742171146,0.253111253890972
"766","site1",18.3074024320479,-0.883133569648629,0.28621566197517
"767","site1",18.3325656741762,-1.12806020535262,0.0351940705235893
"768","site1",18.3577289163044,-0.795759906523546,-0.157956419865663
"769","site1",18.3828921584327,-1.17595558101347,0.219235875731137
"770","site1",18.408055400561,-0.602994174660475,0.208099426429035
"771","site1",18.4332186426892,-1.03607156297395,-0.119815193514735
"772","site1",18.4583818848175,-1.04348586972783,-0.212631054491393
"773","site1",18.4835451269458,-0.614662419643893,-0.0270907460549218
"774","site1",18.508708369074,-1.03935773685424,0.069198093421882
"775","site1",18.5338716112023,-1.157395476374,-0.0470695411992448
"776","site1",18.5590348533306,-0.963494485096305,-0.209930408013719
"777","site1",18.5841980954588,-0.968253973499686,-0.170691018315756
"778","site1",18.6093613375871,-1.31450532198952,0.163053918776692
"779","site1",18.6345245797154,-0.771977107666477,0.135982674424688
"780","site1",18.6596878218436,-1.21044167375498,0.0663450437943324
"781","site1",18.6848510639719,-0.922726650667696,-0.132388005342996
"782","site1",18.7100143061002,-0.893750739019487,-0.0325776546479182
"783","site1",18.7351775482284,-0.96748889974266,-0.2260784877008
"784","site1",18.7603407903567,-1.02077563199014,0.178678834833626
"785","site1",18.785504032485,-0.958925181765025,-0.358967769890516
"786","site1",18.8106672746133,-1.21317149114786,-0.0497804126103822
"787","site1",18.8358305167415,-1.16057199955567,-0.0489503167288817
"788","site1",18.8609937588698,-1.22270396875269,-0.128514383558728
"789","site1",18.8861570009981,-0.683479354707406,0.49235315548896
"790","site1",18.9113202431263,-0.699006140730888,0.442465882552186
"791","site1",18.9364834852546,-0.944639041668012,-0.103510450449972
"792","site1",18.9616467273829,-1.24187354027995,0.0886787728089503
"793","site1",18.9868099695111,-0.993691287652961,0.0656210264738332
"794","site1",19.0119732116394,-0.687795004262843,0.0892499009636241
"795","site1",19.0371364537677,-1.08198338071772,0.0978898728181937
"796","site1",19.0622996958959,-0.823508162790631,-0.134560592649092
"797","site1",19.0874629380242,-1.17367552821466,-0.43348780546361
"798","site1",19.1126261801525,-0.836322551022563,-0.0898319877973695
"799","site1",19.1377894222807,-1.16022845655619,0.133918564013853
"800","site1",19.162952664409,-1.20981031582422,-0.11641396136821
"801","site1",19.1881159065373,-1.14880381199735,0.0647674610382609
"802","site1",19.2132791486655,-1.12489063186491,-0.157167397163436
"803","site1",19.2384423907938,-1.12613501487729,0.0435797196820229
"804","site1",19.2636056329221,-0.788369029478719,0.0953318937256989
"805","site1",19.2887688750503,-0.915112656188289,0.0139908894461539
"806","site1",19.3139321171786,-0.985325990752656,-0.208192526084576
"807","site1",19.3390953593069,-1.1292127475483,0.233282796763851
"808","site1",19.3642586014351,-1.10601513262721,-0.0146349404884358
"809","site1",19.3894218435634,-1.04689124292139,-0.257015488932665
"810","site1",19.4145850856917,-1.10737375106198,-0.137759091100349
"811","site1",19.4397483278199,-0.962760059594146,0.0182104960850881
"812","site1",19.4649115699482,-0.768078875761298,-0.168538361961476
"813","site1",19.4900748120765,-1.08743746471691,-0.367762980545105
"814","site1",19.5152380542048,-0.54582036500214,-0.206511929735931
"815","site1",19.540401296333,-1.09031483856221,-0.022871777912246
"816","site1",19.5655645384613,-0.835128677368561,0.0131477663897372
"817","site1",19.5907277805896,-0.329314429509304,0.293526405264534
"818","site1",19.6158910227178,-0.61221753557585,-0.138212915783234
"819","site1",19.6410542648461,-0.827521761954094,-0.18105495575545
"820","site1",19.6662175069744,-0.936646452690494,-0.14180152432555
"821","site1",19.6913807491026,-0.633059952508505,0.19286261433012
"822","site1",19.7165439912309,-0.737850162705032,-0.177126990498629
"823","site1",19.7417072333592,-0.795775088215562,-0.0297941057940783
"824","site1",19.7668704754874,-0.642388739106417,0.413502090224917
"825","site1",19.7920337176157,-0.78860006618668,-0.259318760277081
"826","site2",0,-0.683887471369531,-0.169370270235458
"827","site2",0.0503264842565354,-0.699680179654854,-0.0942325051439653
"828","site2",0.100652968513071,-0.94542028724636,-0.324986290892387
"829","site2",0.150979452769606,-1.24260320902676,0.0364254545882969
"830","site2",0.201305937026142,-0.994210628738446,-0.418969564358591
"831","site2",0.251632421282677,-0.687945400027313,-0.0819593680960619
"832","site2",0.301958905539213,-1.08160644710119,-0.178297335647905
"833","site2",0.352285389795748,-0.822445849614508,-0.146551601441255
"834","site2",0.402611874052284,-1.17177021925211,0.222622096493558
"835","site2",0.45293835830882,-0.833417163794017,0.136510076001292
"836","site2",0.503264842565355,-1.15616654178699,0.350377301980556
"837","site2",0.55359132682189,-1.20443615650131,0.203307451297045
"838","site2",0.603917811078426,-1.1419625219623,0.028018898409272
"839","site2",0.654244295334962,-1.11642825388097,-0.129051987088032
"840","site2",0.704570779591497,-1.11589861810819,0.0426411423161422
"841","site2",0.754897263848032,-0.776206806317681,0.0551030787870621
"842","site2",0.805223748104568,-0.766321063979177,-0.0596271155069183
"843","site2",0.855550232361104,-0.890409207149189,-0.299076538754427
"844","site2",0.905876716617639,-0.957824410458672,0.14432853939368
"845","site2",0.956203200874175,-1.09877215993587,-0.165461603188427
"846","site2",1.00652968513071,-1.07249652248095,-0.253866700165016
"847","site2",1.05685616938725,-1.01015754389234,0.00673469254965
"848","site2",1.10718265364378,-1.06728993245189,-0.0835952103280913
"849","site2",1.15750913790032,-0.919193211850894,0.189809824103491
"850","site2",1.20783562215685,-0.720898294631256,-0.0845419721152796
"851","site2",1.25816210641339,-1.03651473400107,0.223463818379067
"852","site2",1.30848859066992,-0.491029437863484,0.0578908377618884
"853","site2",1.35881507492646,-1.03153211733298,0.0400956184467776
"854","site2",1.40914155918299,-0.772233091806751,-0.0452448970179627
"855","site2",1.45946804343953,-0.262187513454945,0.238635489074258
"856","site2",1.50979452769607,-0.540743501958486,-0.0912262825684538
"857","site2",1.5601210119526,-0.751587576103986,-0.132423124158982
"858","site2",1.61044749620914,-0.85614190390713,0.041898193141226
"859","site2",1.66077398046567,-0.547877723841089,0.0402519805267722
"860","site2",1.71110046472221,-0.647885898900784,0.399766128064585
"861","site2",1.76142694897874,-0.700927461792806,-0.0114152662466338
"862","site2",1.81175343323528,-0.542559514510622,0.160708030922362
"863","site2",1.86207991749181,-0.683694161988818,-0.00882425481844896
"864","site2",1.91240640174835,-0.0336268164815682,0.306905109928252
"865","site2",1.96273288600488,-0.208370208096779,0.113362266300489
"866","site2",2.01305937026142,-0.367231768236975,0.129816867192817
"867","site2",2.06338585451796,-0.358891952733971,0.057185025704862
"868","site2",2.11371233877449,-0.588190378115923,-0.182925787375641
"869","site2",2.16403882303103,-0.280228579688874,-0.121848937373092
"870","site2",2.21436530728756,-0.504583859861553,0.111529961590357
"871","site2",2.2646917915441,-0.613681170033568,-0.206885533437013
"872","site2",2.31501827580063,-0.0123781728795401,0.245964625500476
"873","site2",2.36534476005717,-0.551507017428125,-0.258451359621845
"874","site2",2.4156712443137,-0.401018659526246,-0.236923578268567
"875","site2",2.46599772857024,-0.441419337484991,-0.228855460599513
"876","site2",2.51632421282678,-0.483892740992215,0.0184592716264524
"877","site2",2.56665069708331,-0.150544401944969,0.218828937727769
"878","site2",2.61697718133985,-0.550753090789437,-0.312486130914051
"879","site2",2.66730366559638,-0.262802821862507,-0.0811398979000397
"880","site2",2.71763014985292,-0.311818726346987,0.014697270663719
"881","site2",2.76795663410945,-0.450262766810465,-0.317101055582163
"882","site2",2.81828311836599,-0.161473903915565,-0.0516606974767795
"883","site2",2.86860960262252,-0.208633880228799,-0.0395488575236872
"884","site2",2.91893608687906,-0.215893060873244,0.207743807377444
"885","site2",2.9692625711356,0.123846933440771,0.133461622313399
"886","site2",3.01958905539213,0.0592230859741552,-0.261920857271747
"887","site2",3.06991553964867,-0.040202574875016,-0.22800105538558
"888","site2",3.1202420239052,0.0343481835649722,-0.149724893856805
"889","site2",3.17056850816174,-0.11925274886743,-0.422807819837434
"890","site2",3.22089499241827,0.0130829911487076,-0.233960833803554
"891","site2",3.27122147667481,0.298894414742584,0.160707442915007
"892","site2",3.32154796093134,0.100167631106391,-0.0816230040641435
"893","site2",3.37187444518788,0.160867653136581,0.150684480100888
"894","site2",3.42220092944441,0.558373481782317,0.159329073244534
"895","site2",3.47252741370095,0.0374964908735429,-0.151813630426561
"896","site2",3.52285389795749,0.39509510567078,-0.092230853745066
"897","site2",3.57318038221402,0.585606436404463,0.380875311618892
"898","site2",3.62350686647056,0.0391051410376479,-0.0697263936141184
"899","site2",3.67383335072709,0.279734714995536,0.0437661886738389
"900","site2",3.72415983498363,0.222320029660628,0.228990912332282
"901","site2",3.77448631924016,0.226039417198215,-0.0247091370212536
"902","site2",3.8248128034967,0.138761376722772,0.0294785838450683
"903","site2",3.87513928775323,0.192141315845324,-0.248193236632694
"904","site2",3.92546577200977,0.648504519424846,0.400848692877368
"905","site2",3.97579225626631,0.536388934239927,-0.154395914068366
"906","site2",4.02611874052284,0.595476847307772,-0.235777814716129
"907","site2",4.07644522477938,0.774274487865211,-0.113935974797856
"908","site2",4.12677170903591,0.411877457729938,0.350964169093219
"909","site2",4.17709819329245,0.67011945773311,-0.355073862831816
"910","site2",4.22742467754898,0.516210674935976,-0.0419533826888878
"911","site2",4.27775116180552,0.44925690978321,-0.24680881625366
"912","site2",4.32807764606205,0.755592121705215,-0.206095956330554
"913","site2",4.37840413031859,0.598252979226118,0.00537712699018545
"914","site2",4.42873061457513,0.3977371611623,0.0952083955538002
"915","site2",4.47905709883166,0.583010836539415,0.333955813646805
"916","site2",4.5293835830882,0.949072374884274,-0.0790693357631423
"917","site2",4.57971006734473,0.903373405930423,0.087267852284169
"918","site2",4.63003655160127,0.39589072091467,-0.553574156148329
"919","site2",4.6803630358578,0.724498623395586,0.0286155816021934
"920","site2",4.73068952011434,0.892628902671956,0.32960449933896
"921","site2",4.78101600437087,0.415373703915594,0.101413601831319
"922","site2",4.83134248862741,1.03864129005222,-0.018480708483127
"923","site2",4.88166897288395,0.664779301682638,-0.0306498645590417
"924","site2",4.93199545714048,0.844577562080093,-0.116836426449863
"925","site2",4.98232194139702,0.765263850295371,0.095178884071618
"926","site2",5.03264842565355,1.13399472357107,0.0879709709315645
"927","site2",5.08297490991009,0.537839844148531,0.297239012610703
"928","site2",5.13330139416662,0.817686627265816,-0.423911640133947
"929","site2",5.18362787842316,0.644729093541582,0.00438245738674542
"930","site2",5.23395436267969,0.953618197710669,-0.118712377227803
"931","site2",5.28428084693623,1.33018830374859,-0.0555937722895358
"932","site2",5.33460733119276,0.592902751890855,-0.0579855635238053
"933","site2",5.3849338154493,0.894359777337949,-0.145813584590071
"934","site2",5.43526029970584,0.887572129182313,0.0587082961905252
"935","site2",5.48558678396237,1.23508930631052,-0.143446106225185
"936","site2",5.53591326821891,0.739557174322311,-0.313030545693433
"937","site2",5.58623975247544,1.04380897014311,0.216976003444546
"938","site2",5.63656623673198,1.29184992827983,-0.0523473188520398
"939","site2",5.68689272098851,0.907677051583707,-0.040043358057325
"940","site2",5.73721920524505,0.825394839432228,-0.00886916232148941
"941","site2",5.78754568950158,0.940489102954493,-0.230869503986364
"942","site2",5.83787217375812,1.07851753144846,0.123311517194579
"943","site2",5.88819865801466,0.780454207299306,0.0655002429343896
"944","site2",5.93852514227119,1.31039906962215,-0.273464807895815
"945","site2",5.98885162652773,0.992238292256572,0.0554248983225786
"946","site2",6.03917811078426,0.413163829447371,-0.0512366326837184
"947","site2",6.0895045950408,0.775114976593377,0.164474610228064
"948","site2",6.13983107929733,1.30783465612697,-0.048077769991674
"949","site2",6.19015756355387,0.804096436302842,0.0551241982887404
"950","site2",6.2404840478104,0.979670238587227,0.268345051107609
"951","site2",6.29081053206694,1.25243706989369,0.360331320512639
"952","site2",6.34113701632347,0.933841767607036,-0.215371653066771
"953","site2",6.39146350058001,1.2636579409781,-0.0230786810402288
"954","site2",6.44178998483655,1.2501619034481,-0.273547150802393
"955","site2",6.49211646909308,1.0759518592166,0.0955105084573357
"956","site2",6.54244295334962,0.681752358925689,0.0612146007633936
"957","site2",6.59276943760615,0.800121094675356,-0.113905136003992
"958","site2",6.64309592186269,0.922358360188147,-0.192681031597905
"959","site2",6.69342240611922,0.974995646034501,0.472389762118233
"960","site2",6.74374889037576,1.451308335386,-0.00374080154289993
"961","site2",6.7940753746323,1.11671052707286,0.0595426567110867
"962","site2",6.84440185888883,0.797193805695013,-0.17092600650273
"963","site2",6.89472834314537,0.719862147379853,0.301520848224695
"964","site2",6.9450548274019,0.883298014624041,0.243803186665462
"965","site2",6.99538131165844,0.87254816622961,0.0233994817708863
"966","site2",7.04570779591497,0.840699535232506,0.0186007882969205
"967","site2",7.09603428017151,0.963472499944773,0.170645850731845
"968","site2",7.14636076442804,0.724091604940932,-0.0503346258872057
"969","site2",7.19668724868458,0.978489102958041,-0.0296224859375124
"970","site2",7.24701373294111,0.632157006826833,-0.373578028583605
"971","site2",7.29734021719765,0.82256639788253,0.0919679738765338
"972","site2",7.34766670145419,0.930105176266889,0.562398300787199
"973","site2",7.39799318571072,0.867958280316669,0.0639032672676931
"974","site2",7.44831966996726,0.98826120328779,-0.247113584055673
"975","site2",7.49864615422379,0.801610352161793,0.168461051773527
"976","site2",7.54897263848033,0.898846931814533,0.119364895146952
"977","site2",7.59929912273686,0.999867502803267,0.0732456988727922
"978","site2",7.6496256069934,0.628615576122864,0.0186306247742911
"979","site2",7.69995209124993,0.493493679440996,0.119024222021959
"980","site2",7.75027857550647,0.742890862456446,-0.0933583837360415
"981","site2",7.80060505976301,0.669071946199442,-0.320551853964601
"982","site2",7.85093154401954,0.589849761702119,0.113877725545874
"983","site2",7.90125802827608,0.593537291380581,0.0514230765253249
"984","site2",7.95158451253261,0.531646295823633,0.216557953745435
"985","site2",8.00191099678915,0.78781318698851,-0.243800202824499
"986","site2",8.05223748104568,0.853361021751593,-0.306110849824524
"987","site2",8.10256396530222,0.801531935171068,-0.330422354884334
"988","site2",8.15289044955875,0.496936575430377,0.157249852578073
"989","site2",8.20321693381529,0.809870324993532,0.211719471212145
"990","site2",8.25354341807182,0.485354589993431,-0.147732978017835
"991","site2",8.30386990232836,0.871476127096988,-0.0277704942793137
"992","site2",8.3541963865849,0.610387215462858,-0.283975202034293
"993","site2",8.40452287084143,0.385708228874229,0.173711062651622
"994","site2",8.45484935509797,0.28758184051598,-0.324997889864689
"995","site2",8.5051758393545,0.198114420166054,0.0286326912186627
"996","site2",8.55550232361104,0.195475282069534,0.142095934498062
"997","site2",8.60582880786757,0.0727431534034483,-0.0110940072420144
"998","site2",8.65615529212411,0.593469047409156,0.0343626406846561
"999","site2",8.70648177638065,0.505003853472097,-0.127819960425943
"1000","site2",8.75680826063718,0.269347086379634,-0.132542146276758
"1001","site2",8.80713474489372,0.344059368483536,0.0157523431304635
"1002","site2",8.85746122915025,0.191326282147538,-0.0102841205394137
"1003","site2",8.90778771340679,0.730605839832347,-0.0521548253871019
"1004","site2",8.95811419766332,0.0587777444118525,0.313253637676316
"1005","site2",9.00844068191986,0.182244796844554,-0.0744030219998521
"1006","site2",9.05876716617639,0.218500941421369,0.34838888785939
"1007","site2",9.10909365043293,0.267267051451716,-0.219771308153091
"1008","site2",9.15942013468947,0.0841484753443006,0.173265688806793
"1009","site2",9.209746618946,-0.351127234349056,0.106957667220514
"1010","site2",9.26007310320254,-0.184149708745519,-0.278845555072992
"1011","site2",9.31039958745907,0.115195877770573,0.29921279642881
"1012","site2",9.36072607171561,0.0160904225487446,-0.248485497403462
"1013","site2",9.41105255597214,-0.194992481054045,-0.205337563433084
"1014","site2",9.46137904022868,-0.0551855346113216,-0.112932188066112
"1015","site2",9.51170552448521,-0.220151759671695,-0.214606392074426
"1016","site2",9.56203200874175,-0.0338066795390457,-0.0715397423987999
"1017","site2",9.61235849299828,-0.392328329507392,-0.115866756884454
"1018","site2",9.66268497725482,-0.0591017577553494,-0.018323187760481
"1019","site2",9.71301146151135,-0.107505024285624,-0.0721761750252322
"1020","site2",9.76333794576789,-0.168927965280837,-0.488829755240989
"1021","site2",9.81366443002443,-0.202837145681849,-0.0838602035281988
"1022","site2",9.86399091428096,-0.179752717764348,-0.0735430770856266
"1023","site2",9.9143173985375,-0.385427979491088,-0.112649265164574
"1024","site2",9.96464388279403,-0.303703436241517,-0.277951406969831
"1025","site2",10.0149703670506,-0.171109062601668,-0.126487219675538
"1026","site2",10.0652968513071,-0.10761646213322,0.322186583864037
"1027","site2",10.1156233355636,-0.322722511579597,-0.0478671493145853
"1028","site2",10.1659498198202,-0.398471513104311,-0.119055686582082
"1029","site2",10.2162763040767,-0.580541069496568,-0.0324730155474778
"1030","site2",10.2666027883332,-0.708599170420062,-0.540602783085394
"1031","site2",10.3169292725898,-0.6031877431461,-0.242236648431547
"1032","site2",10.3672557568463,-0.215360157474638,0.121142349216689
"1033","site2",10.4175822411029,-0.33386011991772,0.0561472758287079
"1034","site2",10.4679087253594,-0.553994298233763,-0.0912940343122046
"1035","site2",10.5182352096159,-0.616532878410716,0.00342645853954791
"1036","site2",10.5685616938725,-0.636509923565103,0.441238632015167
"1037","site2",10.618888178129,-0.374109659682277,-0.446225693066207
"1038","site2",10.6692146623855,-0.64909264682279,0.150470821752118
"1039","site2",10.7195411466421,-0.362787232273275,0.12037166191118
"1040","site2",10.7698676308986,-0.504321320684346,0.124963653982555
"1041","site2",10.8201941151551,-0.393057738510849,0.181846442019117
"1042","site2",10.8705205994117,-0.846423221699035,-0.0294477609947853
"1043","site2",10.9208470836682,-0.688521872405703,0.195577703585848
"1044","site2",10.9711735679247,-0.884358672783289,0.0904277207193675
"1045","site2",11.0215000521813,-0.606472397846309,0.190025853490493
"1046","site2",11.0718265364378,-0.718861049789632,-0.242465802185531
"1047","site2",11.1221530206943,-0.815849419702659,0.0952136115676134
"1048","site2",11.1724795049509,-0.484346202774881,0.253218096204406
"1049","site2",11.2228059892074,-0.745378163844827,0.0213294370354179
"1050","site2",11.273132473464,-0.607010554106919,-0.202079782407238
"1051","site2",11.3234589577205,-0.664574235328339,0.235778484828777
"1052","site2",11.373785441977,-0.990408342640811,-0.367645585425693
"1053","site2",11.4241119262336,-0.971829227587554,-0.242443673002947
"1054","site2",11.4744384104901,-0.852356097834152,-0.154457780132917
"1055","site2",11.5247648947466,-1.10024465393222,-0.0700157936310539
"1056","site2",11.5750913790032,-0.770765598226163,0.336242700211087
"1057","site2",11.6254178632597,-1.15364005228287,-0.458131122506446
"1058","site2",11.6757443475162,-0.583213265856819,-0.000950861378510224
"1059","site2",11.7260708317728,-1.01867950964926,-0.0406909600196297
"1060","site2",11.7763973160293,-0.592536634153707,0.139972685554729
"1061","site2",11.8267238002858,-1.01976824617566,0.0602814652485747
"1062","site2",11.8770502845424,-1.14019639486163,-0.332662737005846
"1063","site2",11.9273767687989,-0.948538413604422,-0.0982651031851571
"1064","site2",11.9777032530555,-0.955392092708771,-0.0719639260653723
"1065","site2",12.028029737312,-1.30358748663202,0.333830087451452
"1066","site2",12.0783562215685,-0.762851941592094,0.188269840196958
"1067","site2",12.1286827058251,-1.20295666577527,0.324561195223726
"1068","site2",12.1790091900816,-0.916728251119352,0.178223158765695
"1069","site2",12.2293356743381,-0.889084456985131,-0.106203001975792
"1070","site2",12.2796621585947,-0.963999400867588,0.204096637682214
"1071","site2",12.3299886428512,-1.01830683683311,0.223056998412732
"1072","site2",12.3803151271077,-0.957320364620763,0.0391193420220258
"1073","site2",12.4306416113643,-1.21227337927881,0.269714060002395
"1074","site2",12.4809680956208,-1.16022287277006,0.0271795438334066
"1075","site2",12.5312945798773,-1.22274575926589,0.310890636745185
